{
  "hash": "1c65ad67",
  "configHash": "27096592",
  "lockfileHash": "d2ac4f62",
  "browserHash": "e72458ad",
  "optimized": {
    "@angular/common": {
      "src": "../../../../../../node_modules/@angular/common/fesm2022/common.mjs",
      "file": "@angular_common.js",
      "fileHash": "1a866f62",
      "needsInterop": false
    },
    "@angular/common/http": {
      "src": "../../../../../../node_modules/@angular/common/fesm2022/http.mjs",
      "file": "@angular_common_http.js",
      "fileHash": "b7d66df3",
      "needsInterop": false
    },
    "@angular/core": {
      "src": "../../../../../../node_modules/@angular/core/fesm2022/core.mjs",
      "file": "@angular_core.js",
      "fileHash": "360eb497",
      "needsInterop": false
    },
    "@angular/forms": {
      "src": "../../../../../../node_modules/@angular/forms/fesm2022/forms.mjs",
      "file": "@angular_forms.js",
      "fileHash": "c50a45e1",
      "needsInterop": false
    },
    "@angular/platform-browser": {
      "src": "../../../../../../node_modules/@angular/platform-browser/fesm2022/platform-browser.mjs",
      "file": "@angular_platform-browser.js",
      "fileHash": "05526277",
      "needsInterop": false
    },
    "@angular/router": {
      "src": "../../../../../../node_modules/@angular/router/fesm2022/router.mjs",
      "file": "@angular_router.js",
      "fileHash": "21eaecb5",
      "needsInterop": false
    },
    "ol/Feature": {
      "src": "../../../../../../node_modules/ol/Feature.js",
      "file": "ol_Feature.js",
      "fileHash": "f8c68397",
      "needsInterop": false
    },
    "ol/Map": {
      "src": "../../../../../../node_modules/ol/Map.js",
      "file": "ol_Map.js",
      "fileHash": "031412e0",
      "needsInterop": false
    },
    "ol/View": {
      "src": "../../../../../../node_modules/ol/View.js",
      "file": "ol_View.js",
      "fileHash": "820fa3e5",
      "needsInterop": false
    },
    "ol/control": {
      "src": "../../../../../../node_modules/ol/control.js",
      "file": "ol_control.js",
      "fileHash": "e8f18eb7",
      "needsInterop": false
    },
    "ol/format/GeoJSON": {
      "src": "../../../../../../node_modules/ol/format/GeoJSON.js",
      "file": "ol_format_GeoJSON.js",
      "fileHash": "e25bdec0",
      "needsInterop": false
    },
    "ol/geom": {
      "src": "../../../../../../node_modules/ol/geom.js",
      "file": "ol_geom.js",
      "fileHash": "14f6e237",
      "needsInterop": false
    },
    "ol/geom/Point": {
      "src": "../../../../../../node_modules/ol/geom/Point.js",
      "file": "ol_geom_Point.js",
      "fileHash": "d4a44eea",
      "needsInterop": false
    },
    "ol/interaction": {
      "src": "../../../../../../node_modules/ol/interaction.js",
      "file": "ol_interaction.js",
      "fileHash": "0e0eee27",
      "needsInterop": false
    },
    "ol/layer": {
      "src": "../../../../../../node_modules/ol/layer.js",
      "file": "ol_layer.js",
      "fileHash": "ed61bcbe",
      "needsInterop": false
    },
    "ol/layer/Image": {
      "src": "../../../../../../node_modules/ol/layer/Image.js",
      "file": "ol_layer_Image.js",
      "fileHash": "8b36462d",
      "needsInterop": false
    },
    "ol/layer/Tile": {
      "src": "../../../../../../node_modules/ol/layer/Tile.js",
      "file": "ol_layer_Tile.js",
      "fileHash": "cb010d7a",
      "needsInterop": false
    },
    "ol/proj": {
      "src": "../../../../../../node_modules/ol/proj.js",
      "file": "ol_proj.js",
      "fileHash": "48b9ab11",
      "needsInterop": false
    },
    "ol/source": {
      "src": "../../../../../../node_modules/ol/source.js",
      "file": "ol_source.js",
      "fileHash": "4399c486",
      "needsInterop": false
    },
    "ol/source/ImageStatic": {
      "src": "../../../../../../node_modules/ol/source/ImageStatic.js",
      "file": "ol_source_ImageStatic.js",
      "fileHash": "05633d08",
      "needsInterop": false
    },
    "ol/source/TileWMS": {
      "src": "../../../../../../node_modules/ol/source/TileWMS.js",
      "file": "ol_source_TileWMS.js",
      "fileHash": "0594b32f",
      "needsInterop": false
    },
    "ol/style": {
      "src": "../../../../../../node_modules/ol/style.js",
      "file": "ol_style.js",
      "fileHash": "3072bab1",
      "needsInterop": false
    }
  },
  "chunks": {
    "jpeg-NQY2T355": {
      "file": "jpeg-NQY2T355.js"
    },
    "deflate-KIZZFJ7J": {
      "file": "deflate-KIZZFJ7J.js"
    },
    "packbits-OS7ZVUCF": {
      "file": "packbits-OS7ZVUCF.js"
    },
    "lerc-SLJ3H3AI": {
      "file": "lerc-SLJ3H3AI.js"
    },
    "chunk-QM7TJVTA": {
      "file": "chunk-QM7TJVTA.js"
    },
    "webimage-QLJZYOY4": {
      "file": "webimage-QLJZYOY4.js"
    },
    "decoder-JA7LUFNT": {
      "file": "decoder-JA7LUFNT.js"
    },
    "chunk-YDSK76KG": {
      "file": "chunk-YDSK76KG.js"
    },
    "chunk-HCBWECPL": {
      "file": "chunk-HCBWECPL.js"
    },
    "chunk-6KGUUMCU": {
      "file": "chunk-6KGUUMCU.js"
    },
    "chunk-Q2ARYLCK": {
      "file": "chunk-Q2ARYLCK.js"
    },
    "raw-NOL3NLI7": {
      "file": "raw-NOL3NLI7.js"
    },
    "lzw-IVD2PNRU": {
      "file": "lzw-IVD2PNRU.js"
    },
    "chunk-JSOACJM5": {
      "file": "chunk-JSOACJM5.js"
    },
    "chunk-EBGPYN2Q": {
      "file": "chunk-EBGPYN2Q.js"
    },
    "chunk-PZPTWPTE": {
      "file": "chunk-PZPTWPTE.js"
    },
    "chunk-6BRS5WYI": {
      "file": "chunk-6BRS5WYI.js"
    },
    "chunk-JHKPGQ4L": {
      "file": "chunk-JHKPGQ4L.js"
    },
    "chunk-HM3IY3H4": {
      "file": "chunk-HM3IY3H4.js"
    },
    "chunk-IQO6VFJH": {
      "file": "chunk-IQO6VFJH.js"
    },
    "chunk-JYHZTZ53": {
      "file": "chunk-JYHZTZ53.js"
    },
    "chunk-G75X5KQ4": {
      "file": "chunk-G75X5KQ4.js"
    },
    "chunk-X6UTFL7Q": {
      "file": "chunk-X6UTFL7Q.js"
    },
    "chunk-TXIFDQQ7": {
      "file": "chunk-TXIFDQQ7.js"
    },
    "chunk-6FEL2L2V": {
      "file": "chunk-6FEL2L2V.js"
    },
    "chunk-JR3W2I3K": {
      "file": "chunk-JR3W2I3K.js"
    },
    "chunk-QKXD5YXG": {
      "file": "chunk-QKXD5YXG.js"
    },
    "chunk-SUGNK2EU": {
      "file": "chunk-SUGNK2EU.js"
    },
    "chunk-6PKKOHLD": {
      "file": "chunk-6PKKOHLD.js"
    },
    "chunk-UOZZXHHF": {
      "file": "chunk-UOZZXHHF.js"
    },
    "chunk-HI7E24EZ": {
      "file": "chunk-HI7E24EZ.js"
    },
    "chunk-TTMXKBUI": {
      "file": "chunk-TTMXKBUI.js"
    },
    "chunk-3DHO7MK4": {
      "file": "chunk-3DHO7MK4.js"
    },
    "chunk-SF4RV3XB": {
      "file": "chunk-SF4RV3XB.js"
    },
    "chunk-QUJ6Q6YO": {
      "file": "chunk-QUJ6Q6YO.js"
    },
    "chunk-7QLHHI54": {
      "file": "chunk-7QLHHI54.js"
    },
    "chunk-PWOXHWUC": {
      "file": "chunk-PWOXHWUC.js"
    },
    "chunk-VB7JKJKR": {
      "file": "chunk-VB7JKJKR.js"
    },
    "chunk-E7VKNJ2H": {
      "file": "chunk-E7VKNJ2H.js"
    },
    "chunk-2UIG6CAQ": {
      "file": "chunk-2UIG6CAQ.js"
    },
    "chunk-VFC6SDKO": {
      "file": "chunk-VFC6SDKO.js"
    },
    "chunk-I7BNVEQR": {
      "file": "chunk-I7BNVEQR.js"
    },
    "chunk-ORJHLOT5": {
      "file": "chunk-ORJHLOT5.js"
    },
    "chunk-WOKXSXDX": {
      "file": "chunk-WOKXSXDX.js"
    },
    "chunk-HGFBMFFN": {
      "file": "chunk-HGFBMFFN.js"
    },
    "chunk-JHGKANU7": {
      "file": "chunk-JHGKANU7.js"
    },
    "chunk-PU74ZWOL": {
      "file": "chunk-PU74ZWOL.js"
    },
    "chunk-5GGKOTUU": {
      "file": "chunk-5GGKOTUU.js"
    },
    "chunk-OEP4SZHV": {
      "file": "chunk-OEP4SZHV.js"
    },
    "chunk-33LB66W5": {
      "file": "chunk-33LB66W5.js"
    },
    "chunk-GXPXRAOR": {
      "file": "chunk-GXPXRAOR.js"
    },
    "chunk-3H4XNE3H": {
      "file": "chunk-3H4XNE3H.js"
    },
    "chunk-UVCLGJLE": {
      "file": "chunk-UVCLGJLE.js"
    },
    "chunk-KKOTSO6X": {
      "file": "chunk-KKOTSO6X.js"
    },
    "chunk-VNWMKJWE": {
      "file": "chunk-VNWMKJWE.js"
    },
    "chunk-4MWRP73S": {
      "file": "chunk-4MWRP73S.js"
    }
  }
}